datetime_local,temperature,dew_point,wind_bearing,wind_speed,wind_gust,pressure,uv_index,ozone,precip_intensity,icon,humidity,icon_encoded,hour,day,temp_dew_spread,wind_gust_ratio
2019-10-01 00:00:00,26.0,22.01,101.0,3.08,6.42,1008.45,0.0,269.80000000000007,0.0,partly-cloudy-night,80.1,2,0,1,3.9899999999999984,2.08
2019-10-01 01:00:00,25.0,22.06,105.0,2.94,6.28,1008.24,0.0,269.80000000000007,0.0,partly-cloudy-night,85.3,2,1,1,2.9400000000000013,2.14
2019-10-01 02:00:00,25.0,22.06,106.0,2.82,6.08,1007.9,0.0,269.80000000000007,0.0,partly-cloudy-night,85.3,2,2,1,2.9400000000000013,2.16
2019-10-01 03:00:00,24.0,21.87,106.0,2.63,5.74,1007.61,0.0,270.4,0.0,partly-cloudy-night,89.4,2,3,1,2.129999999999999,2.18
2019-10-01 04:00:00,23.0,21.53,100.0,2.39,5.3,1007.51,0.0,271.3,0.0,partly-cloudy-night,92.6,2,4,1,1.4699999999999989,2.22
2019-10-01 05:00:00,23.0,21.56,94.0,2.09,4.47,1008.03,0.0,271.6,0.0,partly-cloudy-night,92.8,2,5,1,1.4400000000000013,2.14
2019-10-01 06:00:00,24.0,21.97,95.0,2.31,4.07,1008.61,0.0,271.8,0.0,partly-cloudy-night,89.8,2,6,1,2.030000000000001,1.76
2019-10-01 07:00:00,25.0,22.34,96.0,2.98,4.65,1008.97,0.0,272.4,0.0,partly-cloudy-day,86.7,3,7,1,2.66,1.56
2019-10-01 08:00:00,25.0,22.35,99.0,3.44,5.14,1009.53,1.0,272.8,0.0,partly-cloudy-day,86.8,3,8,1,2.6499999999999986,1.49
2019-10-01 09:00:00,27.0,22.21,102.0,3.49,4.77,1010.0,3.0,272.6,0.0,partly-cloudy-day,76.1,3,9,1,4.789999999999999,1.37
2019-10-01 10:00:00,28.0,22.12,101.0,2.92,3.52,1009.99,4.0,271.6,0.0,partly-cloudy-day,70.6,3,10,1,5.879999999999999,1.21
2019-10-01 11:00:00,30.0,21.71,91.0,2.21,2.32,1009.86,5.0,271.0,0.0,partly-cloudy-day,58.6,3,11,1,8.29,1.05
2019-10-01 12:00:00,31.0,21.1,77.0,1.9,1.9,1009.39,6.0,271.2,0.0,partly-cloudy-day,50.5,3,12,1,9.899999999999999,1.0
2019-10-01 13:00:00,32.0,20.52,60.0,2.03,2.03,1008.35,5.0,271.6,0.0,partly-cloudy-day,42.6,3,13,1,11.48,1.0
2019-10-01 14:00:00,33.0,19.91,44.0,2.39,2.4,1007.24,5.0,272.2,0.0,partly-cloudy-day,34.6,3,14,1,13.09,1.0
2019-10-01 15:00:00,33.0,19.46,36.0,2.77,2.78,1006.575,4.0,272.5,0.0,partly-cloudy-day,32.3,3,15,1,13.54,1.0
2019-10-01 16:00:00,33.0,19.04,34.0,3.01,3.01,1006.575,2.0,272.5,0.0,partly-cloudy-day,30.2,3,16,1,13.96,1.0
2019-10-01 17:00:00,33.0,18.88,38.0,3.04,3.04,1006.575,1.0,272.6,0.0,partly-cloudy-day,29.4,3,17,1,14.120000000000001,1.0
2019-10-01 18:00:00,32.0,19.81,42.0,2.96,3.1,1006.575,0.0,273.2,0.0,partly-cloudy-day,39.0,3,18,1,12.190000000000001,1.05
2019-10-01 19:00:00,30.0,20.85,23.0,2.72,3.73,1007.49,0.0,274.2,0.0,partly-cloudy-night,54.3,2,19,1,9.149999999999999,1.37
2019-10-01 20:00:00,28.0,21.04,4.0,2.48,4.66,1008.37,0.0,275.4,0.0,clear-night,65.2,4,20,1,6.960000000000001,1.88
2019-10-01 21:00:00,27.0,21.31,19.0,2.61,5.54,1008.99,0.0,276.0,0.0,clear-night,71.6,4,21,1,5.690000000000001,2.12
2019-10-01 22:00:00,27.0,21.66,47.0,3.03,6.48,1009.27,0.0,276.4,0.0,clear-night,73.3,4,22,1,5.34,2.14
2019-10-01 23:00:00,26.0,21.85,69.0,3.28,6.7,1009.67,0.0,276.1,0.0,clear-night,79.2,4,23,1,4.149999999999999,2.04
2019-10-02 00:00:00,26.0,20.53,85.0,3.13,6.29,1010.06,0.0,275.6,0.0,clear-night,72.6,4,0,2,5.469999999999999,2.01
2019-10-02 01:00:00,26.0,20.9,96.0,2.7,5.81,1009.86,0.0,275.6,0.0,clear-night,74.5,4,1,2,5.100000000000001,2.15
2019-10-02 02:00:00,25.0,20.79,116.0,2.22,5.19,1009.67,0.0,275.6,0.0,clear-night,78.9,4,2,2,4.210000000000001,2.34
2019-10-02 03:00:00,25.0,20.56,122.0,1.86,4.75,1009.59,0.0,275.8,0.0,clear-night,77.8,4,3,2,4.440000000000001,2.55
2019-10-02 04:00:00,24.0,20.33,113.0,1.6,4.56,1009.63,0.0,276.2,0.0,clear-night,81.6,4,4,2,3.6700000000000017,2.85
2019-10-02 05:00:00,23.0,20.24,105.0,1.26,3.52,1010.06,0.0,277.0,0.0,clear-night,86.2,4,5,2,2.7600000000000016,2.79
2019-10-02 06:00:00,24.0,20.6,119.0,1.06,2.44,1010.52,0.0,277.9,0.0,clear-night,83.0,4,6,2,3.3999999999999986,2.3
2019-10-02 07:00:00,25.0,21.13,128.0,1.1,2.28,1010.91,0.0,278.4,0.0,clear-day,80.6,5,7,2,3.870000000000001,2.07
2019-10-02 08:00:00,26.0,21.43,137.0,1.11,2.17,1011.65,1.0,278.6,0.0,clear-day,77.2,5,8,2,4.57,1.95
2019-10-02 09:00:00,27.0,21.71,154.0,1.1,1.97,1012.16,3.0,277.9,0.0,clear-day,73.6,5,9,2,5.289999999999999,1.79
2019-10-02 10:00:00,28.0,21.62,67.0,1.19,1.66,1012.18,5.0,276.2,0.0,clear-day,68.1,5,10,2,6.379999999999999,1.39
2019-10-02 11:00:00,29.0,21.19,6.0,1.59,1.69,1011.88,7.0,275.2,0.0,partly-cloudy-day,61.0,3,11,2,7.809999999999999,1.06
2019-10-02 12:00:00,30.0,20.75,10.0,2.0,2.0,1011.26,7.5,275.1,0.0,partly-cloudy-day,53.8,3,12,2,9.25,1.0
2019-10-02 13:00:00,31.0,20.27,16.0,2.15,2.15,1010.36,7.5,275.1,0.0,partly-cloudy-day,46.3,3,13,2,10.73,1.0
2019-10-02 14:00:00,32.0,19.85,17.0,2.24,2.51,1009.28,6.0,275.3,0.0,partly-cloudy-day,39.3,3,14,2,12.149999999999999,1.12
2019-10-02 15:00:00,33.0,19.64,15.0,2.33,2.97,1008.4,4.0,275.6,0.0,partly-cloudy-day,33.2,3,15,2,13.36,1.27
2019-10-02 16:00:00,33.0,19.05,9.0,2.37,3.22,1007.83,2.0,276.1,0.0,clear-day,30.2,5,16,2,13.95,1.36
2019-10-02 17:00:00,33.0,18.76,5.0,2.13,2.95,1007.88,1.0,276.0,0.0,clear-day,28.8,5,17,2,14.239999999999998,1.38
2019-10-02 18:00:00,32.0,19.34,12.0,1.91,2.99,1008.26,0.0,275.6,0.0,clear-day,36.7,5,18,2,12.66,1.57
2019-10-02 19:00:00,31.0,19.85,21.0,1.84,4.02,1008.47,0.0,275.8,0.0,clear-night,44.3,4,19,2,11.149999999999999,2.18
2019-10-02 20:00:00,29.0,19.78,32.0,1.8,5.07,1008.76,0.0,275.8,0.0,clear-night,53.9,4,20,2,9.219999999999999,2.82
2019-10-02 21:00:00,28.0,20.03,53.0,1.9,5.92,1009.05,0.0,275.0,0.0,partly-cloudy-night,60.2,2,21,2,7.969999999999999,3.12
2019-10-02 22:00:00,28.0,20.39,85.0,2.1,6.63,1009.11,0.0,273.3,0.0,partly-cloudy-night,62.0,2,22,2,7.609999999999999,3.16
2019-10-02 23:00:00,27.0,20.52,115.0,2.14,6.68,1009.13,0.0,272.1,0.0,partly-cloudy-night,67.6,2,23,2,6.48,3.12
2019-10-03 00:00:00,26.0,20.54,136.0,2.06,6.31,1008.95,0.0,271.9,0.0,partly-cloudy-night,72.7,2,0,3,5.460000000000001,3.06
2019-10-03 01:00:00,26.0,20.82,142.0,2.04,6.02,1008.84,0.0,272.4,0.0,partly-cloudy-night,74.1,2,1,3,5.18,2.95
2019-10-03 02:00:00,26.0,20.63,143.0,1.89,5.58,1008.9,0.0,273.2,0.0,partly-cloudy-night,73.1,2,2,3,5.370000000000001,2.95
2019-10-03 03:00:00,25.0,20.35,135.0,1.84,5.13,1008.88,0.0,273.7,0.0,partly-cloudy-night,76.8,2,3,3,4.649999999999999,2.79
2019-10-03 04:00:00,24.0,20.04,121.0,1.88,4.66,1009.12,0.0,274.0,0.0,partly-cloudy-night,80.2,2,4,3,3.960000000000001,2.48
2019-10-03 05:00:00,24.0,19.98,109.0,2.0,4.31,1009.53,0.0,274.4,0.0,partly-cloudy-night,79.9,2,5,3,4.02,2.15
2019-10-03 06:00:00,25.0,20.25,99.0,1.88,3.32,1009.8,0.0,273.4,0.0,partly-cloudy-night,76.2,2,6,3,4.75,1.77
2019-10-03 07:00:00,25.0,20.77,104.0,1.68,2.58,1010.45,0.0,272.3,0.0,partly-cloudy-day,78.8,3,7,3,4.23,1.54
2019-10-03 08:00:00,26.0,21.2,121.0,1.8,2.79,1010.98,1.0,272.4,0.0,partly-cloudy-day,76.0,3,8,3,4.800000000000001,1.55
2019-10-03 09:00:00,28.0,21.28,129.0,1.73,2.75,1011.29,3.0,272.7,0.0,partly-cloudy-day,66.4,3,9,3,6.719999999999999,1.59
2019-10-03 10:00:00,30.0,20.75,126.0,1.84,2.55,1011.29,4.0,273.0,0.0,partly-cloudy-day,53.8,3,10,3,9.25,1.39
2019-10-03 11:00:00,31.0,20.14,105.0,2.01,2.55,1011.25,5.0,274.1,0.0,partly-cloudy-day,45.7,3,11,3,10.86,1.27
2019-10-03 12:00:00,31.0,19.59,88.0,1.71,2.51,1010.6,6.0,275.1,0.0,partly-cloudy-day,43.0,3,12,3,11.41,1.47
2019-10-03 13:00:00,33.0,18.89,44.0,1.54,2.21,1009.79,6.0,274.9,0.0,partly-cloudy-day,29.4,3,13,3,14.11,1.44
2019-10-03 14:00:00,34.0,18.37,358.0,1.67,2.0,1009.11,5.0,274.6,0.0,partly-cloudy-day,21.9,3,14,3,15.629999999999999,1.2
2019-10-03 15:00:00,35.0,17.99,347.0,1.68,1.95,1008.39,4.0,274.7,0.0,partly-cloudy-day,14.9,3,15,3,17.01,1.16
2019-10-03 16:00:00,34.0,17.15,344.0,1.79,2.03,1007.86,2.0,275.3,0.0,partly-cloudy-day,15.8,3,16,3,16.85,1.13
2019-10-03 17:00:00,33.0,16.75,349.0,2.32,2.46,1007.77,0.0,275.2,0.0,partly-cloudy-day,18.8,3,17,3,16.25,1.06
2019-10-03 18:00:00,31.0,17.98,25.0,2.79,3.55,1008.01,0.0,274.6,0.0,partly-cloudy-day,34.9,3,18,3,13.02,1.27
2019-10-03 19:00:00,30.0,19.22,68.0,2.87,5.24,1008.6,0.0,274.3,0.0,clear-night,46.1,4,19,3,10.780000000000001,1.83
2019-10-03 20:00:00,29.0,19.19,92.0,2.95,6.91,1009.05,0.0,273.9,0.0,clear-night,51.0,4,20,3,9.809999999999999,2.34
2019-10-03 21:00:00,28.0,19.37,115.0,3.12,7.172499999999999,1009.2,0.0,273.2,0.0,clear-night,56.9,4,21,3,8.629999999999999,2.3
2019-10-03 22:00:00,28.0,19.52,137.0,3.4,7.172499999999999,1009.66,0.0,272.2,0.0,clear-night,57.6,4,22,3,8.48,2.11
2019-10-03 23:00:00,27.0,19.58,154.0,3.3,6.93,1010.29,0.0,272.1,0.0,clear-night,62.9,4,23,3,7.420000000000002,2.1
2019-10-04 00:00:00,26.0,19.57,164.0,2.92,5.84,1010.36,0.0,272.7,0.0,clear-night,67.8,4,0,4,6.43,2.0
2019-10-04 01:00:00,26.0,19.62,171.0,2.57,6.39,1009.78,0.0,273.0,0.0,clear-night,68.1,4,1,4,6.379999999999999,2.49
2019-10-04 02:00:00,25.0,19.24,175.0,2.23,6.84,1009.25,0.0,273.6,0.0,clear-night,71.2,4,2,4,5.760000000000002,3.07
2019-10-04 03:00:00,24.0,18.95,173.0,2.18,6.77,1009.12,0.0,274.4,0.0,clear-night,74.8,4,3,4,5.050000000000001,3.11
2019-10-04 04:00:00,24.0,18.84,164.0,2.43,6.27,1009.41,0.0,275.6,0.0,clear-night,74.2,4,4,4,5.16,2.58
2019-10-04 05:00:00,24.0,18.84,155.0,2.58,5.18,1010.07,0.0,276.2,0.0,partly-cloudy-night,74.2,2,5,4,5.16,2.01
2019-10-04 06:00:00,24.0,18.88,139.0,2.48,3.89,1011.08,0.0,276.3,0.0,partly-cloudy-night,74.4,2,6,4,5.120000000000001,1.57
2019-10-04 07:00:00,25.0,19.14,96.0,2.24,2.84,1012.01,0.0,276.3,0.0,partly-cloudy-day,70.7,3,7,4,5.859999999999999,1.27
2019-10-04 08:00:00,25.0,19.5,40.0,2.02,2.13,1012.47,1.0,276.1,0.0,cloudy,72.5,1,8,4,5.5,1.05
2019-10-04 09:00:00,27.0,19.58,5.0,2.09,2.09,1012.62,2.0,275.5,0.0,cloudy,62.9,1,9,4,7.420000000000002,1.0
2019-10-04 10:00:00,28.0,19.26,356.0,2.41,2.41,1012.41,3.0,274.5,0.0,cloudy,56.3,1,10,4,8.739999999999998,1.0
2019-10-04 11:00:00,30.0,18.86,7.0,2.97,3.01,1012.23,4.0,274.6,0.0,cloudy,44.3,1,11,4,11.14,1.01
2019-10-04 12:00:00,31.0,18.46,14.0,3.39,3.44,1011.79,5.0,275.2,0.0,partly-cloudy-day,37.3,3,12,4,12.54,1.01
2019-10-04 13:00:00,32.0,17.91,11.0,3.46,3.46,1010.62,6.0,275.1,0.0,partly-cloudy-day,29.6,3,13,4,14.09,1.0
2019-10-04 14:00:00,33.0,17.31,8.0,3.45,3.45,1009.51,6.0,275.0,0.0,partly-cloudy-day,21.5,3,14,4,15.690000000000001,1.0
2019-10-04 15:00:00,33.0,16.77,6.0,3.42,3.42,1008.79,4.0,275.0,0.0,clear-day,18.8,5,15,4,16.23,1.0
2019-10-04 16:00:00,34.0,15.85,4.0,3.37,3.37,1008.42,2.0,275.2,0.0,clear-day,9.2,5,16,4,18.15,1.0
2019-10-04 17:00:00,33.0,15.71,6.0,3.22,3.22,1008.57,0.0,275.4,0.0,clear-day,13.6,5,17,4,17.29,1.0
2019-10-04 18:00:00,31.0,17.4,20.0,3.01,3.01,1009.45,0.0,275.5,0.0,clear-day,32.0,5,18,4,13.600000000000001,1.0
2019-10-04 19:00:00,28.0,18.51,31.0,2.62,2.65,1010.06,0.0,275.8,0.0,clear-night,52.6,4,19,4,9.489999999999998,1.01
2019-10-04 20:00:00,28.0,18.08,31.0,2.15,2.43,1010.19,0.0,276.0,0.0,clear-night,50.4,4,20,4,9.920000000000002,1.13
2019-10-04 21:00:00,27.0,18.13,39.0,1.85,2.48,1010.31,0.0,276.1,0.0,clear-night,55.6,4,21,4,8.870000000000001,1.34
2019-10-04 22:00:00,27.0,18.41,55.0,1.7,2.48,1010.37,0.0,276.3,0.0,clear-night,57.0,4,22,4,8.59,1.46
2019-10-04 23:00:00,26.0,18.5,54.0,1.56,2.32,1010.44,0.0,277.3,0.0,clear-night,62.5,4,23,4,7.5,1.49
2019-10-05 00:00:00,25.0,20.14,36.0,1.37,2.16,1010.4,0.0,278.1,0.0,clear-night,75.7,4,0,5,4.859999999999999,1.58
2019-10-05 01:00:00,25.0,19.98,19.0,1.13,2.11,1009.76,0.0,277.6,0.0,clear-night,74.9,4,1,5,5.02,1.87
2019-10-05 02:00:00,24.0,19.68,3.0,0.95,2.08,1009.3,0.0,277.1,0.0,clear-night,78.4,4,2,5,4.32,2.19
2019-10-05 03:00:00,23.0,19.3,3.0,0.94,2.04,1009.29,0.0,277.0,0.0,clear-night,81.5,4,3,5,3.6999999999999993,2.17
2019-10-05 04:00:00,22.0,18.7,13.0,1.09,1.99,1009.88,0.0,277.5,0.0,clear-night,83.5,4,4,5,3.3000000000000007,1.83
2019-10-05 05:00:00,22.0,18.44,24.0,1.31,1.93,1010.57,0.0,278.1,0.0,partly-cloudy-night,82.2,2,5,5,3.5599999999999987,1.47
2019-10-05 06:00:00,23.0,18.84,13.0,1.52,2.28,1011.27,0.0,278.1,0.0,partly-cloudy-night,79.2,2,6,5,4.16,1.5
2019-10-05 07:00:00,24.0,19.07,4.0,1.58,2.66,1012.07,0.0,278.0,0.0,partly-cloudy-day,75.4,3,7,5,4.93,1.68
2019-10-05 08:00:00,24.0,18.85,10.0,1.56,2.68,1012.49,1.0,278.4,0.0,clear-day,74.2,5,8,5,5.149999999999999,1.72
2019-10-05 09:00:00,26.0,18.55,5.0,1.71,2.67,1012.67,3.0,278.4,0.0,partly-cloudy-day,62.8,3,9,5,7.449999999999999,1.56
2019-10-05 10:00:00,28.0,18.16,351.0,2.09,2.58,1012.5,5.0,278.1,0.0,partly-cloudy-day,50.8,3,10,5,9.84,1.23
2019-10-05 11:00:00,30.0,17.68,341.0,2.56,2.64,1012.49,6.0,279.4,0.0,partly-cloudy-day,38.4,3,11,5,12.32,1.03
2019-10-05 12:00:00,31.0,17.21,337.0,2.91,2.91,1012.06,6.0,281.1,0.0,partly-cloudy-day,31.1,3,12,5,13.79,1.0
2019-10-05 13:00:00,32.0,16.88,333.0,3.12,3.28,1011.08,5.0,281.2,0.0,partly-cloudy-day,24.4,3,13,5,15.120000000000001,1.05
2019-10-05 14:00:00,33.0,16.61,330.0,3.27,3.8,1010.04,4.0,281.4,0.0,partly-cloudy-day,18.0,3,14,5,16.39,1.16
2019-10-05 15:00:00,34.0,16.23,333.0,3.35,4.02,1009.23,3.0,281.4,0.0,partly-cloudy-day,11.2,3,15,5,17.77,1.2
2019-10-05 16:00:00,34.0,15.45,341.0,3.42,3.86,1008.77,2.0,281.4,0.0,partly-cloudy-day,7.2,3,16,5,18.55,1.13
2019-10-05 17:00:00,33.0,16.16,352.0,2.82,3.29,1009.18,0.0,280.8,0.0,partly-cloudy-day,15.8,3,17,5,16.84,1.17
2019-10-05 18:00:00,32.0,17.29,358.0,2.06,2.66,1009.96,0.0,280.5,0.0,partly-cloudy-day,26.4,3,18,5,14.71,1.29
2019-10-05 19:00:00,30.0,17.5,352.0,1.78,2.28,1010.27,0.0,281.0,0.0,partly-cloudy-night,37.5,2,19,5,12.5,1.28
2019-10-05 20:00:00,28.0,17.72,347.0,1.56,1.98,1010.6,0.0,281.4,0.0,partly-cloudy-night,48.6,2,20,5,10.280000000000001,1.27
2019-10-05 21:00:00,27.0,17.95,356.0,1.63,2.06,1010.78,0.0,280.9,0.0,clear-night,54.8,4,21,5,9.05,1.26
2019-10-05 22:00:00,26.0,18.32,19.0,2.02,2.59,1010.89,0.0,279.8,0.0,clear-night,61.6,4,22,5,7.68,1.28
2019-10-05 23:00:00,26.0,18.76,35.0,2.2,2.61,1011.16,0.0,279.1,0.0,clear-night,63.8,4,23,5,7.239999999999998,1.19
2019-10-06 00:00:00,25.0,19.11,40.0,2.02,2.24,1011.12,0.0,278.8,0.0,clear-night,70.6,4,0,6,5.890000000000001,1.11
2019-10-06 01:00:00,24.0,19.16,37.0,1.72,2.11,1011.04,0.0,278.1,0.0,partly-cloudy-night,75.8,2,1,6,4.84,1.23
2019-10-06 02:00:00,23.0,19.01,37.0,1.35,1.92,1010.9,0.0,277.6,0.0,partly-cloudy-night,80.1,2,2,6,3.9899999999999984,1.42
2019-10-06 03:00:00,23.0,18.64,62.0,1.1,1.79,1010.72,0.0,277.5,0.0,partly-cloudy-night,78.2,2,3,6,4.359999999999999,1.63
2019-10-06 04:00:00,22.0,18.1,107.0,0.96,1.69,1010.55,0.0,277.9,0.0,partly-cloudy-night,80.5,2,4,6,3.8999999999999986,1.76
2019-10-06 05:00:00,22.0,17.63,148.0,0.88,1.64,1010.51,0.0,278.2,0.0,partly-cloudy-night,78.1,2,5,6,4.370000000000001,1.86
2019-10-06 06:00:00,23.0,18.1,87.0,0.82,1.17,1011.13,0.0,277.9,0.0,partly-cloudy-night,75.5,2,6,6,4.899999999999999,1.43
2019-10-06 07:00:00,24.0,18.71,82.0,0.84,0.84,1011.85,0.0,277.4,0.0,partly-cloudy-day,73.6,3,7,6,5.289999999999999,1.0
2019-10-06 08:00:00,25.0,18.51,239.0,0.95,1.04,1012.34,1.0,277.0,0.0,partly-cloudy-day,67.6,3,8,6,6.489999999999998,1.09
2019-10-06 09:00:00,27.0,17.99,223.0,1.15,1.47,1012.58,2.0,276.5,0.0,partly-cloudy-day,54.9,3,9,6,9.010000000000002,1.28
2019-10-06 10:00:00,29.0,17.14,83.0,1.46,1.99,1012.54,4.0,276.0,0.0,partly-cloudy-day,40.7,3,10,6,11.86,1.36
2019-10-06 11:00:00,31.0,16.32,359.0,1.78,2.33,1012.34,5.0,275.5,0.0,cloudy,26.6,1,11,6,14.68,1.31
2019-10-06 12:00:00,32.0,15.7,318.0,2.04,2.36,1011.76,5.0,275.4,0.0,cloudy,18.5,1,12,6,16.3,1.16
2019-10-06 13:00:00,33.0,15.04,311.0,2.28,2.36,1010.71,5.0,275.5,0.0,cloudy,10.2,1,13,6,17.96,1.04
2019-10-06 14:00:00,33.0,14.42,315.0,2.51,2.51,1009.72,4.0,275.6,0.0,cloudy,7.1,1,14,6,18.58,1.0
2019-10-06 15:00:00,33.0,14.15,317.0,2.76,2.76,1009.1,3.0,275.6,0.0,cloudy,5.8,1,15,6,18.85,1.0
2019-10-06 16:00:00,34.0,14.14,319.0,3.03,3.03,1008.87,2.0,275.6,0.0,cloudy,0.7,1,16,6,19.86,1.0
2019-10-06 17:00:00,33.0,14.47,323.0,3.19,3.19,1008.58,0.0,275.5,0.0,cloudy,7.3,1,17,6,18.53,1.0
2019-10-06 18:00:00,32.0,15.89,341.0,3.03,3.03,1009.22,0.0,275.9,0.0,cloudy,19.5,1,18,6,16.11,1.0
2019-10-06 19:00:00,30.0,17.38,7.0,2.71,2.72,1010.84,0.0,276.2,0.0,cloudy,36.9,1,19,6,12.620000000000001,1.0
2019-10-06 20:00:00,28.0,17.42,19.0,2.54,2.87,1011.49,0.0,275.7,0.0,cloudy,47.1,1,20,6,10.579999999999998,1.13
2019-10-06 21:00:00,27.0,17.64,23.0,2.77,3.97,1011.75,0.0,274.8,0.0,cloudy,53.2,1,21,6,9.36,1.43
2019-10-06 22:00:00,26.0,18.01,16.0,3.43,5.88,1011.56,0.0,273.5,0.0,cloudy,60.1,1,22,6,7.989999999999998,1.71
2019-10-06 23:00:00,26.0,18.4,7.0,4.0,7.172499999999999,1011.16,0.0,272.5,0.0,cloudy,62.0,1,23,6,7.600000000000001,1.79
2019-10-07 00:00:00,25.0,15.61,359.0,4.07,7.172499999999999,1010.99,0.0,271.6,0.0,cloudy,53.0,1,0,7,9.39,1.76
2019-10-07 01:00:00,24.0,16.05,353.0,3.45,7.15,1011.3,0.0,270.9,0.0,cloudy,60.2,1,1,7,7.949999999999999,2.07
2019-10-07 02:00:00,24.0,16.36,345.0,2.6,4.74,1011.64,0.0,270.9,0.0,cloudy,61.8,1,2,7,7.640000000000001,1.82
2019-10-07 03:00:00,23.0,16.53,337.0,2.28,4.21,1011.71,0.0,271.1,0.0,cloudy,67.6,1,3,7,6.469999999999999,1.85
2019-10-07 04:00:00,23.0,16.57,331.0,2.51,5.59,1011.71,0.0,271.7,0.0,cloudy,67.8,1,4,7,6.43,2.23
2019-10-07 05:00:00,22.0,16.73,331.0,2.41,5.29,1012.23,0.0,272.1,0.0,cloudy,73.6,1,5,7,5.27,2.2
2019-10-07 06:00:00,23.0,17.14,343.0,2.21,4.58,1013.13,0.0,272.4,0.0,cloudy,70.7,1,6,7,5.859999999999999,2.07
2019-10-07 07:00:00,24.0,17.57,341.0,2.87,5.88,1013.99,0.0,273.0,0.0,cloudy,67.8,1,7,7,6.43,2.05
2019-10-07 08:00:00,24.0,17.86,329.0,3.66,6.88,1014.86,1.0,273.6,0.0,cloudy,69.3,1,8,7,6.140000000000001,1.88
2019-10-07 09:00:00,25.0,18.12,325.0,3.68,6.76,1015.13,2.0,274.2,0.0,cloudy,65.6,1,9,7,6.879999999999999,1.84
2019-10-07 10:00:00,27.0,18.2,328.0,2.97,5.57,1014.9,4.0,274.6,0.0,partly-cloudy-day,56.0,3,10,7,8.8,1.88
2019-10-07 11:00:00,29.0,18.11,331.0,2.12,3.93,1014.78,5.0,276.3,0.0,partly-cloudy-day,45.6,3,11,7,10.89,1.85
2019-10-07 12:00:00,30.0,18.12,331.0,1.83,2.99,1014.44,6.0,277.9,0.0,partly-cloudy-day,40.6,3,12,7,11.879999999999999,1.63
2019-10-07 13:00:00,32.0,18.05,326.0,2.2,3.04,1013.43,6.0,278.2,0.0,partly-cloudy-day,30.2,3,13,7,13.95,1.38
2019-10-07 14:00:00,32.0,17.77,328.0,2.65,3.29,1012.33,5.0,278.4,0.0,partly-cloudy-day,28.8,3,14,7,14.23,1.24
2019-10-07 15:00:00,32.0,17.27,355.0,2.88,3.5,1011.69,3.0,278.7,0.0,partly-cloudy-day,26.3,3,15,7,14.73,1.22
2019-10-07 16:00:00,32.0,16.63,327.0,2.9,3.73,1011.51,2.0,279.2,0.0,partly-cloudy-day,23.1,3,16,7,15.370000000000001,1.29
2019-10-07 17:00:00,31.0,16.33,278.0,2.83,3.98,1011.24,0.0,279.6,0.0,partly-cloudy-day,26.6,3,17,7,14.670000000000002,1.41
2019-10-07 18:00:00,30.0,16.41,311.0,2.83,3.64,1011.1,0.0,278.7,0.0,partly-cloudy-day,32.0,3,18,7,13.59,1.29
2019-10-07 19:00:00,30.0,16.32,322.0,2.63,3.12,1011.64,0.0,277.4,0.0,partly-cloudy-night,31.6,2,19,7,13.68,1.19
2019-10-07 20:00:00,28.0,16.03,309.0,2.23,3.0,1011.99,0.0,276.6,0.0,clear-night,40.2,4,20,7,11.969999999999999,1.35
2019-10-07 21:00:00,27.0,15.83,305.0,2.09,2.87,1012.21,0.0,276.0,0.0,clear-night,44.2,4,21,7,11.17,1.37
2019-10-07 22:00:00,26.0,15.7,307.0,2.17,2.7,1012.25,0.0,275.5,0.0,clear-night,48.5,4,22,7,10.3,1.24
2019-10-07 23:00:00,26.0,15.6,311.0,2.26,2.53,1012.02,0.0,275.1,0.0,clear-night,48.0,4,23,7,10.4,1.12
2019-10-08 00:00:00,25.0,15.19,316.0,2.47,3.05,1011.96,0.0,275.5,0.0,clear-night,50.9,4,0,8,9.81,1.23
2019-10-08 01:00:00,24.0,14.88,321.0,2.58,3.61,1011.84,0.0,276.2,0.0,clear-night,54.4,4,1,8,9.12,1.4
2019-10-08 02:00:00,24.0,14.72,327.0,2.42,3.54,1011.33,0.0,276.4,0.0,clear-night,53.6,4,2,8,9.28,1.46
2019-10-08 03:00:00,23.0,14.47,330.0,2.2,3.43,1011.19,0.0,276.8,0.0,clear-night,57.4,4,3,8,8.53,1.56
2019-10-08 04:00:00,21.0,14.24,311.0,1.91,3.23,1011.03,0.0,277.3,0.0,clear-night,66.2,4,4,8,6.76,1.69
2019-10-08 05:00:00,21.0,13.99,299.0,1.68,3.02,1010.81,0.0,277.6,0.0,clear-night,65.0,4,5,8,7.01,1.8
2019-10-08 06:00:00,22.0,15.1,312.0,1.35,2.64,1011.47,0.0,277.0,0.0,clear-night,65.5,4,6,8,6.9,1.96
2019-10-08 07:00:00,22.0,16.55,294.0,1.35,2.58,1012.55,0.0,275.9,0.0,clear-day,72.8,5,7,8,5.449999999999999,1.91
2019-10-08 08:00:00,23.0,17.03,276.0,1.85,3.02,1013.21,1.0,275.1,0.0,clear-day,70.2,5,8,8,5.969999999999999,1.63
2019-10-08 09:00:00,25.0,17.27,221.0,2.3,3.39,1013.52,3.0,274.7,0.0,clear-day,61.4,5,9,8,7.73,1.47
2019-10-08 10:00:00,28.0,17.18,65.0,2.78,3.75,1013.31,5.0,274.6,0.0,clear-day,45.9,5,10,8,10.82,1.35
2019-10-08 11:00:00,30.0,16.65,345.0,3.16,3.89,1013.0,7.0,275.4,0.0,clear-day,33.2,5,11,8,13.350000000000001,1.23
2019-10-08 12:00:00,32.0,16.19,303.0,3.33,3.85,1012.45,7.5,276.4,0.0,clear-day,21.0,5,12,8,15.809999999999999,1.16
2019-10-08 13:00:00,32.0,15.59,304.0,3.35,3.84,1011.3,7.5,276.6,0.0,clear-day,18.0,5,13,8,16.41,1.15
2019-10-08 14:00:00,33.0,14.78,314.0,3.3,3.74,1010.15,6.0,276.8,0.0,clear-day,8.9,5,14,8,18.22,1.13
2019-10-08 15:00:00,34.0,13.91,320.0,3.27,3.68,1009.41,4.0,277.1,0.0,clear-day,0.0,5,15,8,20.09,1.13
2019-10-08 16:00:00,34.0,13.32,323.0,3.29,3.65,1009.25,2.0,277.6,0.0,clear-day,0.0,5,16,8,20.68,1.11
2019-10-08 17:00:00,33.0,13.28,328.0,3.22,3.52,1009.43,0.0,278.1,0.0,clear-day,1.4,5,17,8,19.72,1.09
2019-10-08 18:00:00,32.0,13.95,339.0,2.93,3.13,1009.79,0.0,277.7,0.0,clear-day,9.8,5,18,8,18.05,1.07
2019-10-08 19:00:00,30.0,14.41,357.0,2.3,2.39,1010.56,0.0,277.3,0.0,clear-night,22.0,4,19,8,15.59,1.04
2019-10-08 20:00:00,28.0,13.98,10.0,1.62,1.65,1010.91,0.0,277.3,0.0,clear-night,29.9,4,20,8,14.02,1.02
2019-10-08 21:00:00,27.0,13.57,18.0,1.29,1.46,1011.18,0.0,277.1,0.0,clear-night,32.8,4,21,8,13.43,1.13
2019-10-08 22:00:00,26.0,13.11,31.0,1.3,1.83,1011.36,0.0,276.5,0.0,clear-night,35.6,4,22,8,12.89,1.41
2019-10-08 23:00:00,25.0,12.68,36.0,1.37,2.27,1011.38,0.0,275.9,0.0,clear-night,38.4,4,23,8,12.32,1.66
2019-10-09 00:00:00,25.0,12.32,34.0,1.3,2.38,1011.17,0.0,275.3,0.0,clear-night,36.6,4,0,9,12.68,1.83
2019-10-09 01:00:00,24.0,12.33,19.0,1.1,2.27,1010.51,0.0,275.3,0.0,clear-night,41.6,4,1,9,11.67,2.06
2019-10-09 02:00:00,24.0,12.49,42.0,0.92,2.18,1010.28,0.0,275.7,0.0,clear-night,42.4,4,2,9,11.51,2.37
2019-10-09 03:00:00,23.0,12.51,106.0,0.88,2.05,1010.24,0.0,276.3,0.0,clear-night,47.6,4,3,9,10.49,2.33
2019-10-09 04:00:00,22.0,12.39,147.0,0.94,1.92,1010.36,0.0,277.0,0.0,clear-night,52.0,4,4,9,9.61,2.04
2019-10-09 05:00:00,21.0,13.9,121.0,1.16,1.56,1011.31,0.0,277.2,0.0,clear-night,64.5,4,5,9,7.1,1.34
2019-10-09 06:00:00,22.0,15.64,98.0,1.42,1.42,1012.28,0.0,276.9,0.0,clear-night,68.2,4,6,9,6.359999999999999,1.0
2019-10-09 07:00:00,23.0,16.06,120.0,1.56,1.99,1012.31,0.0,276.5,0.0,clear-day,65.3,5,7,9,6.940000000000001,1.28
2019-10-09 08:00:00,24.0,16.47,139.0,1.63,2.69,1012.51,1.0,276.1,0.0,clear-day,62.4,5,8,9,7.530000000000001,1.65
2019-10-09 09:00:00,26.0,16.71,150.0,1.53,2.67,1012.68,3.0,276.0,0.0,clear-day,53.6,5,9,9,9.29,1.75
2019-10-09 10:00:00,28.0,16.76,154.0,1.31,1.93,1012.69,5.0,276.2,0.0,clear-day,43.8,5,10,9,11.239999999999998,1.47
2019-10-09 11:00:00,30.0,16.47,139.0,1.16,1.28,1012.68,7.0,276.5,0.0,clear-day,32.3,5,11,9,13.530000000000001,1.1
2019-10-09 12:00:00,32.0,16.19,99.0,1.25,1.25,1012.35,7.5,276.9,0.0,clear-day,21.0,5,12,9,15.809999999999999,1.0
2019-10-09 13:00:00,33.0,15.69,48.0,1.54,1.71,1011.32,7.5,277.1,0.0,clear-day,13.4,5,13,9,17.310000000000002,1.11
2019-10-09 14:00:00,33.0,14.96,2.0,1.87,2.37,1010.3,6.0,277.3,0.0,clear-day,9.8,5,14,9,18.04,1.27
2019-10-09 15:00:00,34.0,14.15,343.0,2.14,2.65,1009.56,4.0,277.6,0.0,clear-day,0.8,5,15,9,19.85,1.24
2019-10-09 16:00:00,34.0,13.64,350.0,2.37,2.62,1009.11,2.0,278.1,0.0,clear-day,0.0,5,16,9,20.36,1.11
2019-10-09 17:00:00,33.0,13.59,4.0,2.57,2.69,1009.1,0.0,278.5,0.0,clear-day,3.0,5,17,9,19.41,1.05
2019-10-09 18:00:00,32.0,14.2,19.0,2.2,2.41,1009.63,0.0,279.3,0.0,clear-day,11.0,5,18,9,17.8,1.1
2019-10-09 19:00:00,30.0,14.42,33.0,1.93,2.14,1010.13,0.0,279.8,0.0,clear-night,22.1,4,19,9,15.58,1.11
2019-10-09 20:00:00,28.0,13.64,38.0,2.19,2.43,1010.28,0.0,279.6,0.0,clear-night,28.2,4,20,9,14.36,1.11
2019-10-09 21:00:00,27.0,13.29,46.0,2.25,3.13,1010.62,0.0,279.2,0.0,clear-night,31.4,4,21,9,13.71,1.39
2019-10-09 22:00:00,26.0,13.36,56.0,2.22,4.34,1010.73,0.0,278.6,0.0,clear-night,36.8,4,22,9,12.64,1.95
2019-10-09 23:00:00,25.0,13.61,63.0,2.22,5.46,1010.62,0.0,278.0,0.0,clear-night,43.0,4,23,9,11.39,2.46
2019-10-10 00:00:00,25.0,14.57,65.0,2.13,5.22,1010.68,0.0,277.8,0.0,clear-night,47.8,4,0,10,10.43,2.45
2019-10-10 01:00:00,24.0,14.66,61.0,2.05,4.31,1010.9,0.0,277.8,0.0,clear-night,53.3,4,1,10,9.34,2.1
2019-10-10 02:00:00,23.0,14.96,58.0,2.07,3.86,1010.85,0.0,277.8,0.0,clear-night,59.8,4,2,10,8.04,1.86
2019-10-10 03:00:00,22.0,15.31,62.0,2.0,3.6,1010.88,0.0,278.1,0.0,clear-night,66.6,4,3,10,6.6899999999999995,1.8
2019-10-10 04:00:00,21.0,15.62,73.0,1.87,3.59,1010.92,0.0,278.7,0.0,clear-night,73.1,4,4,10,5.380000000000001,1.92
2019-10-10 05:00:00,21.0,16.73,73.0,1.76,3.26,1011.23,0.0,279.2,0.0,clear-night,78.6,4,5,10,4.27,1.85
2019-10-10 06:00:00,22.0,17.86,65.0,1.67,2.81,1011.66,0.0,279.8,0.0,clear-night,79.3,4,6,10,4.140000000000001,1.68
2019-10-10 07:00:00,22.0,18.27,65.0,1.58,2.64,1012.26,0.0,280.5,0.0,clear-day,81.4,5,7,10,3.7300000000000004,1.67
2019-10-10 08:00:00,23.0,18.47,61.0,1.5,2.48,1012.6,1.0,281.2,0.0,clear-day,77.4,5,8,10,4.530000000000001,1.65
2019-10-10 09:00:00,25.0,18.16,48.0,1.42,2.42,1012.66,3.0,281.4,0.0,clear-day,65.8,5,9,10,6.84,1.7
2019-10-10 10:00:00,28.0,17.53,25.0,1.31,2.46,1012.73,5.0,281.3,0.0,clear-day,47.7,5,10,10,10.469999999999999,1.88
2019-10-10 11:00:00,31.0,16.95,2.0,1.31,2.56,1012.64,7.0,281.4,0.0,clear-day,29.8,5,11,10,14.05,1.95
2019-10-10 12:00:00,32.0,16.18,351.0,1.56,2.75,1012.25,7.5,281.9,0.0,clear-day,20.9,5,12,10,15.82,1.76
2019-10-10 13:00:00,33.0,15.06,351.0,2.02,3.02,1011.46,7.5,282.2,0.0,clear-day,10.3,5,13,10,17.939999999999998,1.5
2019-10-10 14:00:00,34.0,13.87,355.0,2.49,3.3,1010.55,6.0,282.6,0.0,clear-day,0.0,5,14,10,20.130000000000003,1.33
2019-10-10 15:00:00,34.0,12.87,356.0,2.82,3.47,1009.88,4.0,282.6,0.0,clear-day,0.0,5,15,10,21.130000000000003,1.23
2019-10-10 16:00:00,34.0,12.54,357.0,3.05,3.52,1009.41,2.0,282.6,0.0,clear-day,0.0,5,16,10,21.46,1.15
2019-10-10 17:00:00,34.0,12.33,358.0,3.17,3.61,1008.73,0.0,282.6,0.0,clear-day,0.0,5,17,10,21.67,1.14
2019-10-10 18:00:00,32.0,13.72,2.0,3.1,3.75,1009.54,0.0,282.6,0.0,clear-day,8.6,5,18,10,18.28,1.21
2019-10-10 19:00:00,30.0,15.13,6.0,2.78,3.95,1011.04,0.0,282.6,0.0,clear-night,25.7,4,19,10,14.87,1.42
2019-10-10 20:00:00,28.0,14.66,8.0,2.41,4.12,1011.25,0.0,282.6,0.0,clear-night,33.3,4,20,10,13.34,1.71
2019-10-10 21:00:00,26.0,14.5,12.0,2.18,4.01,1011.4,0.0,282.6,0.0,clear-night,42.5,4,21,10,11.5,1.84
2019-10-10 22:00:00,26.0,14.35,17.0,2.05,3.63,1011.31,0.0,282.6,0.0,clear-night,41.8,4,22,10,11.65,1.77
2019-10-10 23:00:00,25.0,14.18,28.0,1.89,3.08,1011.11,0.0,281.4,0.0,clear-night,45.9,4,23,10,10.82,1.63
2019-10-11 00:00:00,24.0,14.1,37.0,1.67,2.6,1010.78,0.0,279.9,0.0,clear-night,50.5,4,0,11,9.9,1.56
2019-10-11 01:00:00,24.0,14.24,37.0,1.43,2.29,1010.37,0.0,279.3,0.0,clear-night,51.2,4,1,11,9.76,1.6
2019-10-11 02:00:00,23.0,14.52,40.0,1.22,2.06,1010.0,0.0,278.8,0.0,clear-night,57.6,4,2,11,8.48,1.69
2019-10-11 03:00:00,22.0,14.81,58.0,1.06,1.99,1010.06,0.0,279.0,0.0,clear-night,64.1,4,3,11,7.1899999999999995,1.88
2019-10-11 04:00:00,21.0,15.07,86.0,0.98,2.15,1010.12,0.0,279.9,0.0,clear-night,70.4,4,4,11,5.93,2.19
2019-10-11 05:00:00,21.0,15.85,115.0,0.73,1.76,1010.21,0.0,280.8,0.0,clear-night,74.2,4,5,11,5.15,2.41
2019-10-11 06:00:00,21.0,17.02,178.0,0.6,1.24,1010.9,0.0,281.4,0.0,clear-night,80.1,4,6,11,3.9800000000000004,2.07
2019-10-11 07:00:00,22.0,17.78,194.0,0.81,1.28,1011.85,0.0,282.0,0.0,clear-day,78.9,5,7,11,4.219999999999999,1.58
2019-10-11 08:00:00,23.0,18.0,172.0,0.96,1.38,1012.27,1.0,282.4,0.0,clear-day,75.0,5,8,11,5.0,1.44
2019-10-11 09:00:00,25.0,17.83,146.0,0.97,1.66,1012.45,3.0,282.2,0.0,clear-day,64.1,5,9,11,7.170000000000002,1.71
2019-10-11 10:00:00,28.0,17.39,126.0,0.84,2.11,1012.26,5.0,281.3,0.0,clear-day,47.0,5,10,11,10.61,2.51
2019-10-11 11:00:00,31.0,16.88,134.0,0.78,2.73,1012.15,7.0,281.9,0.0,clear-day,29.4,5,11,11,14.120000000000001,3.5
2019-10-11 12:00:00,32.0,15.99,103.0,0.94,3.18,1011.76,7.5,282.6,0.0,clear-day,20.0,5,12,11,16.009999999999998,3.38
2019-10-11 13:00:00,33.0,14.61,47.0,1.33,3.26,1010.69,7.0,281.8,0.0,clear-day,8.0,5,13,11,18.39,2.45
2019-10-11 14:00:00,34.0,12.99,17.0,1.79,3.27,1009.7,6.0,281.1,0.0,clear-day,0.0,5,14,11,21.009999999999998,1.83
2019-10-11 15:00:00,34.0,11.46,7.0,2.17,3.25,1008.99,4.0,280.9,0.0,clear-day,0.0,5,15,11,22.54,1.5
2019-10-11 16:00:00,35.0,10.28,6.0,2.51,3.18,1008.42,2.0,281.6,0.0,clear-day,0.0,5,16,11,24.72,1.27
2019-10-11 17:00:00,34.0,11.81,20.0,2.66,3.15,1008.52,0.0,281.5,0.0,clear-day,0.0,5,17,11,22.189999999999998,1.18
2019-10-11 18:00:00,32.0,13.83,35.0,2.61,3.22,1009.16,0.0,280.8,0.0,clear-night,9.1,4,18,11,18.17,1.23
2019-10-11 19:00:00,30.0,13.46,39.0,2.48,3.35,1009.72,0.0,280.1,0.0,clear-night,17.3,4,19,11,16.54,1.35
2019-10-11 20:00:00,28.0,13.25,46.0,2.32,3.52,1010.32,0.0,279.3,0.0,clear-night,26.2,4,20,11,14.75,1.52
2019-10-11 21:00:00,27.0,13.3,55.0,2.21,3.65,1010.46,0.0,278.9,0.0,clear-night,31.5,4,21,11,13.7,1.65
2019-10-11 22:00:00,26.0,13.52,65.0,2.13,3.74,1010.28,0.0,279.0,0.0,clear-night,37.6,4,22,11,12.48,1.76
2019-10-11 23:00:00,25.0,13.57,77.0,2.09,3.8,1009.95,0.0,279.1,0.0,clear-night,42.8,4,23,11,11.43,1.82
2019-10-12 00:00:00,25.0,13.64,92.0,2.07,3.86,1010.1,0.0,279.3,0.0,clear-night,43.2,4,0,12,11.36,1.86
2019-10-12 01:00:00,24.0,14.03,108.0,2.05,3.94,1010.15,0.0,279.2,0.0,clear-night,50.2,4,1,12,9.97,1.92
2019-10-12 02:00:00,23.0,14.49,124.0,2.03,3.99,1010.13,0.0,279.1,0.0,clear-night,57.4,4,2,12,8.51,1.97
2019-10-12 03:00:00,22.0,14.9,134.0,2.0,3.93,1010.27,0.0,278.8,0.0,clear-night,64.5,4,3,12,7.1,1.96
2019-10-12 04:00:00,21.0,15.26,139.0,1.95,3.74,1010.44,0.0,278.4,0.0,clear-night,71.3,4,4,12,5.74,1.92
2019-10-12 05:00:00,21.0,15.43,141.0,1.91,3.61,1010.85,0.0,278.1,0.0,clear-night,72.2,4,5,12,5.57,1.89
2019-10-12 06:00:00,22.0,16.4,157.0,1.87,3.37,1011.43,0.0,277.5,0.0,clear-night,72.0,4,6,12,5.600000000000001,1.8
2019-10-12 07:00:00,23.0,17.58,171.0,2.01,3.42,1012.13,0.0,277.1,0.0,clear-day,72.9,5,7,12,5.420000000000002,1.7
2019-10-12 08:00:00,25.0,17.76,173.0,2.25,3.78,1012.72,1.0,277.3,0.0,clear-day,63.8,5,8,12,7.239999999999998,1.68
2019-10-12 09:00:00,27.0,17.46,184.0,2.21,3.63,1013.03,3.0,277.0,0.0,clear-day,52.3,5,9,12,9.54,1.64
2019-10-12 10:00:00,30.0,16.76,205.0,1.87,3.01,1012.87,5.0,276.1,0.0,clear-day,33.8,5,10,12,13.239999999999998,1.61
2019-10-12 11:00:00,32.0,15.88,211.0,1.56,2.47,1012.71,7.0,276.1,0.0,clear-day,19.4,5,11,12,16.119999999999997,1.58
2019-10-12 12:00:00,34.0,14.96,163.0,1.63,2.33,1012.53,7.5,276.6,0.0,clear-day,4.8,5,12,12,19.04,1.43
2019-10-12 13:00:00,35.0,14.02,79.0,2.13,2.46,1011.55,7.0,276.5,0.0,clear-day,0.0,5,13,12,20.98,1.15
2019-10-12 14:00:00,35.0,13.24,1.0,2.61,2.7,1010.48,6.0,276.6,0.0,clear-day,0.0,5,14,12,21.759999999999998,1.03
2019-10-12 15:00:00,34.0,12.65,317.0,2.83,2.87,1009.89,4.0,276.8,0.0,clear-day,0.0,5,15,12,21.35,1.01
2019-10-12 16:00:00,35.0,12.49,313.0,2.84,3.01,1009.78,2.0,277.1,0.0,clear-day,0.0,5,16,12,22.509999999999998,1.06
2019-10-12 17:00:00,34.0,12.3,322.0,2.68,3.08,1009.83,0.0,277.4,0.0,clear-day,0.0,5,17,12,21.7,1.15
2019-10-12 18:00:00,33.0,14.08,359.0,2.56,2.79,1010.44,0.0,277.5,0.0,clear-night,5.4,4,18,12,18.92,1.09
2019-10-12 19:00:00,31.0,15.61,39.0,2.0,2.0,1011.14,0.0,277.5,0.0,clear-night,23.0,4,19,12,15.39,1.0
2019-10-12 20:00:00,29.0,14.82,64.0,1.14,1.53,1011.42,0.0,277.3,0.0,clear-night,29.1,4,20,12,14.18,1.34
2019-10-12 21:00:00,28.0,14.72,95.0,1.05,2.7,1011.86,0.0,276.8,0.0,clear-night,33.6,4,21,12,13.28,2.57
2019-10-12 22:00:00,27.0,15.04,124.0,1.7,5.35,1012.27,0.0,275.7,0.0,clear-night,40.2,4,22,12,11.96,3.15
2019-10-12 23:00:00,26.0,15.34,136.0,2.44,6.94,1012.04,0.0,275.1,0.0,clear-night,46.7,4,23,12,10.66,2.84
2019-10-13 00:00:00,26.0,16.72,134.0,2.68,6.82,1011.69,0.0,275.3,0.0,clear-night,53.6,4,0,13,9.280000000000001,2.54
2019-10-13 01:00:00,25.0,16.97,115.0,2.44,6.14,1011.33,0.0,276.3,0.0,clear-night,59.8,4,1,13,8.030000000000001,2.52
2019-10-13 02:00:00,24.0,17.19,94.0,2.09,5.15,1011.0,0.0,277.4,0.0,clear-night,66.0,4,2,13,6.809999999999999,2.46
2019-10-13 03:00:00,23.0,17.3,96.0,1.95,4.75,1010.89,0.0,277.8,0.0,clear-night,71.5,4,3,13,5.699999999999999,2.44
2019-10-13 04:00:00,22.0,17.27,117.0,2.0,4.89,1010.87,0.0,277.6,0.0,clear-night,76.4,4,4,13,4.73,2.44
2019-10-13 05:00:00,22.0,17.08,165.0,2.12,5.23,1010.93,0.0,277.1,0.0,clear-night,75.4,4,5,13,4.920000000000002,2.47
2019-10-13 06:00:00,23.0,17.86,81.0,1.95,4.36,1011.44,0.0,277.1,0.0,clear-night,74.3,4,6,13,5.140000000000001,2.24
2019-10-13 07:00:00,24.0,18.75,24.0,1.66,3.4,1012.22,0.0,277.1,0.0,clear-day,73.8,5,7,13,5.25,2.05
2019-10-13 08:00:00,25.0,18.8,41.0,1.54,3.48,1012.78,1.0,277.0,0.0,clear-day,69.0,5,8,13,6.199999999999999,2.26
2019-10-13 09:00:00,27.0,18.39,50.0,1.35,3.16,1013.03,3.0,277.2,0.0,clear-day,57.0,5,9,13,8.61,2.34
2019-10-13 10:00:00,30.0,17.57,351.0,1.1,2.57,1013.21,5.0,277.5,0.0,clear-day,37.8,5,10,13,12.43,2.34
2019-10-13 11:00:00,32.0,16.62,305.0,0.94,1.83,1013.09,7.0,278.7,0.0,clear-day,23.1,5,11,13,15.379999999999999,1.95
2019-10-13 12:00:00,34.0,15.64,331.0,1.24,1.6,1012.61,7.5,279.6,0.0,clear-day,8.2,5,12,13,18.36,1.29
2019-10-13 13:00:00,35.0,14.18,3.0,2.08,2.18,1011.58,7.0,279.0,0.0,clear-day,0.0,5,13,13,20.82,1.05
2019-10-13 14:00:00,35.0,12.6,352.0,2.88,2.89,1010.58,6.0,278.5,0.0,clear-day,0.0,5,14,13,22.4,1.0
2019-10-13 15:00:00,35.0,11.57,336.0,3.23,3.23,1009.97,4.0,278.4,0.0,clear-day,0.0,5,15,13,23.43,1.0
2019-10-13 16:00:00,36.0,11.38,341.0,3.17,3.17,1009.41,2.0,278.8,0.0,clear-day,0.0,5,16,13,24.619999999999997,1.0
2019-10-13 17:00:00,35.0,11.5,350.0,2.98,2.98,1008.89,0.0,279.3,0.0,clear-day,0.0,5,17,13,23.5,1.0
2019-10-13 18:00:00,33.0,13.2,4.0,2.9,2.9,1009.74,0.0,278.6,0.0,clear-night,1.0,4,18,13,19.8,1.0
2019-10-13 19:00:00,31.0,14.82,20.0,2.82,3.54,1010.87,0.0,277.5,0.0,partly-cloudy-night,19.1,2,19,13,16.18,1.26
2019-10-13 20:00:00,29.0,14.41,33.0,2.68,4.68,1011.37,0.0,276.9,0.0,partly-cloudy-night,27.0,2,20,13,14.59,1.75
2019-10-13 21:00:00,28.0,14.35,48.0,2.57,5.08,1011.98,0.0,276.2,0.0,partly-cloudy-night,31.8,2,21,13,13.65,1.98
2019-10-13 22:00:00,27.0,14.53,63.0,2.45,4.68,1012.41,0.0,275.3,0.0,partly-cloudy-night,37.6,2,22,13,12.47,1.91
2019-10-13 23:00:00,26.0,14.44,74.0,2.3,3.98,1012.79,0.0,274.7,0.0,partly-cloudy-night,42.2,2,23,13,11.56,1.73
2019-10-14 00:00:00,26.0,14.28,79.0,2.16,3.59,1012.37,0.0,274.3,0.0,partly-cloudy-night,41.4,2,0,14,11.72,1.66
2019-10-14 01:00:00,25.0,14.46,81.0,2.07,3.6,1011.96,0.0,273.7,0.0,partly-cloudy-night,47.3,2,1,14,10.54,1.74
2019-10-14 02:00:00,25.0,14.67,85.0,1.98,3.59,1011.38,0.0,273.2,0.0,clear-night,48.4,4,2,14,10.33,1.81
2019-10-14 03:00:00,24.0,14.9,102.0,1.85,3.29,1011.06,0.0,272.6,0.0,clear-night,54.5,4,3,14,9.1,1.78
2019-10-14 04:00:00,23.0,15.05,134.0,1.71,2.67,1011.35,0.0,272.2,0.0,partly-cloudy-night,60.2,2,4,14,7.949999999999999,1.56
2019-10-14 05:00:00,23.0,15.57,145.0,1.3,2.11,1012.1,0.0,271.8,0.0,partly-cloudy-night,62.8,2,5,14,7.43,1.62
2019-10-14 06:00:00,24.0,16.15,132.0,1.09,2.14,1012.73,0.0,271.8,0.0,partly-cloudy-night,60.7,2,6,14,7.850000000000001,1.96
2019-10-14 07:00:00,24.0,16.47,128.0,1.43,2.84,1012.94,0.0,272.6,0.0,partly-cloudy-day,62.4,3,7,14,7.530000000000001,1.99
2019-10-14 08:00:00,26.0,16.75,121.0,1.77,3.53,1013.13,1.0,273.5,0.0,cloudy,53.8,1,8,14,9.25,1.99
2019-10-14 09:00:00,28.0,16.52,122.0,1.9,3.54,1013.49,2.0,274.2,0.0,cloudy,42.6,1,9,14,11.48,1.86
2019-10-14 10:00:00,30.0,15.87,131.0,1.83,2.89,1013.52,3.0,274.6,0.0,cloudy,29.3,1,10,14,14.13,1.58
2019-10-14 11:00:00,32.0,15.37,124.0,1.71,2.02,1013.47,5.0,276.2,0.0,partly-cloudy-day,16.8,3,11,14,16.630000000000003,1.18
2019-10-14 12:00:00,34.0,14.76,92.0,1.76,1.76,1013.04,6.0,277.8,0.0,partly-cloudy-day,3.8,3,12,14,19.240000000000002,1.0
2019-10-14 13:00:00,35.0,13.62,46.0,2.01,2.04,1012.06,6.0,277.9,0.0,partly-cloudy-day,0.0,3,13,14,21.380000000000003,1.01
2019-10-14 14:00:00,35.0,12.48,3.0,2.28,2.41,1011.04,6.0,277.9,0.0,clear-day,0.0,5,14,14,22.52,1.06
2019-10-14 15:00:00,36.0,11.69,345.0,2.42,2.58,1010.31,4.0,277.8,0.0,clear-day,0.0,5,15,14,24.310000000000002,1.07
2019-10-14 16:00:00,36.0,11.62,352.0,2.46,2.6,1009.86,2.0,277.5,0.0,clear-day,0.0,5,16,14,24.380000000000003,1.06
2019-10-14 17:00:00,35.0,11.74,7.0,2.49,2.65,1009.61,0.0,277.2,0.0,clear-day,0.0,5,17,14,23.259999999999998,1.06
2019-10-14 18:00:00,34.0,12.76,23.0,2.47,2.61,1010.19,0.0,276.3,0.0,clear-night,0.0,4,18,14,21.240000000000002,1.06
2019-10-14 19:00:00,32.0,13.74,37.0,2.54,2.81,1011.07,0.0,275.7,0.0,clear-night,8.7,4,19,14,18.259999999999998,1.11
2019-10-14 20:00:00,30.0,13.37,48.0,2.74,3.4,1011.5,0.0,276.0,0.0,clear-night,16.8,4,20,14,16.630000000000003,1.24
2019-10-14 21:00:00,29.0,13.5,62.0,2.9,4.36,1012.13,0.0,275.6,0.0,clear-night,22.5,4,21,14,15.5,1.5
2019-10-14 22:00:00,28.0,14.15,78.0,3.04,5.75,1012.36,0.0,274.8,0.0,clear-night,30.8,4,22,14,13.85,1.89
2019-10-14 23:00:00,27.0,14.78,94.0,3.2,7.09,1012.58,0.0,273.3,0.0,clear-night,38.9,4,23,14,12.22,2.22
2019-10-15 00:00:00,26.0,15.1,109.0,3.17,7.172499999999999,1012.76,0.0,272.3,0.0,clear-night,45.5,4,0,15,10.9,2.26
2019-10-15 01:00:00,25.0,15.29,126.0,2.84,6.27,1012.22,0.0,272.3,0.0,clear-night,51.4,4,1,15,9.71,2.21
2019-10-15 02:00:00,25.0,15.41,137.0,2.46,4.99,1011.59,0.0,272.5,0.0,clear-night,52.0,4,2,15,9.59,2.03
2019-10-15 03:00:00,24.0,15.46,125.0,2.2,4.2,1011.33,0.0,272.6,0.0,clear-night,57.3,4,3,15,8.54,1.91
2019-10-15 04:00:00,23.0,15.4,93.0,2.03,3.87,1011.37,0.0,272.5,0.0,clear-night,62.0,4,4,15,7.6,1.91
2019-10-15 05:00:00,22.0,15.38,52.0,1.9,3.66,1011.52,0.0,273.1,0.0,clear-night,66.9,4,5,15,6.619999999999999,1.93
2019-10-15 06:00:00,23.0,16.19,56.0,1.86,3.44,1011.96,0.0,273.2,0.0,clear-night,66.0,4,6,15,6.809999999999999,1.85
2019-10-15 07:00:00,24.0,17.17,94.0,1.97,3.69,1012.71,0.0,273.0,0.0,clear-day,65.9,5,7,15,6.829999999999998,1.87
2019-10-15 08:00:00,26.0,17.43,121.0,2.12,4.23,1013.38,1.0,273.4,0.0,clear-day,57.2,5,8,15,8.57,2.0
2019-10-15 09:00:00,28.0,17.03,155.0,2.1,4.19,1013.71,3.0,273.2,0.0,clear-day,45.2,5,9,15,10.969999999999999,2.0
2019-10-15 10:00:00,31.0,15.98,198.0,1.93,3.61,1013.8,5.0,272.4,0.0,clear-day,24.9,5,10,15,15.02,1.87
2019-10-15 11:00:00,33.0,14.79,225.0,1.77,2.99,1013.92,7.0,273.0,0.0,clear-day,8.9,5,11,15,18.21,1.69
2019-10-15 12:00:00,35.0,13.41,185.0,1.75,2.41,1013.55,7.5,274.2,0.0,clear-day,0.0,5,12,15,21.59,1.38
2019-10-15 13:00:00,36.0,11.56,94.0,1.85,1.98,1012.57,7.0,274.0,0.0,clear-day,0.0,5,13,15,24.439999999999998,1.07
2019-10-15 14:00:00,36.0,9.88,6.0,1.96,1.96,1011.71,6.0,274.0,0.0,clear-day,0.0,5,14,15,26.119999999999997,1.0
2019-10-15 15:00:00,35.0,8.79,321.0,2.02,2.02,1011.17,4.0,274.1,0.0,clear-day,0.0,5,15,15,26.21,1.0
2019-10-15 16:00:00,36.0,8.36,333.0,2.06,2.14,1010.98,2.0,274.5,0.0,clear-day,0.0,5,16,15,27.64,1.04
2019-10-15 17:00:00,35.0,8.2,1.0,2.07,2.35,1011.13,0.0,274.7,0.0,clear-day,0.0,5,17,15,26.8,1.14
2019-10-15 18:00:00,34.0,9.86,33.0,2.16,2.76,1011.58,0.0,274.1,0.0,clear-night,0.0,4,18,15,24.14,1.28
2019-10-15 19:00:00,32.0,11.53,58.0,2.12,3.16,1011.95,0.0,273.1,0.0,clear-night,0.0,4,19,15,20.47,1.49
2019-10-15 20:00:00,30.0,11.36,66.0,1.94,3.47,1011.94,0.0,272.3,0.0,clear-night,6.8,4,20,15,18.64,1.79
2019-10-15 21:00:00,28.0,11.78,65.0,1.89,4.28,1011.98,0.0,271.6,0.0,clear-night,18.9,4,21,15,16.22,2.26
2019-10-15 22:00:00,27.0,12.72,37.0,1.95,5.59,1012.21,0.0,271.1,0.0,clear-night,28.6,4,22,15,14.28,2.87
2019-10-15 23:00:00,26.0,13.69,325.0,2.05,6.83,1012.45,0.0,270.5,0.0,clear-night,38.4,4,23,15,12.31,3.33
2019-10-16 00:00:00,25.0,13.88,347.0,2.14,7.12,1012.66,0.0,270.3,0.0,clear-night,44.4,4,0,16,11.12,3.33
2019-10-16 01:00:00,25.0,14.54,47.0,2.18,6.37,1012.37,0.0,270.5,0.0,clear-night,47.7,4,1,16,10.46,2.92
2019-10-16 02:00:00,24.0,15.0,69.0,2.21,5.41,1012.16,0.0,270.9,0.0,clear-night,55.0,4,2,16,9.0,2.45
2019-10-16 03:00:00,23.0,15.24,80.0,2.25,4.79,1012.11,0.0,271.7,0.0,clear-night,61.2,4,3,16,7.76,2.13
2019-10-16 04:00:00,22.0,15.18,87.0,2.34,4.5,1012.51,0.0,272.8,0.0,clear-night,65.9,4,4,16,6.82,1.92
2019-10-16 05:00:00,22.0,15.77,85.0,2.24,3.95,1013.26,0.0,274.3,0.0,clear-night,68.8,4,5,16,6.23,1.76
2019-10-16 06:00:00,23.0,16.57,130.0,2.04,3.89,1013.87,0.0,275.3,0.0,clear-night,67.8,4,6,16,6.43,1.91
2019-10-16 07:00:00,23.0,16.91,159.0,2.29,4.86,1014.18,0.0,275.4,0.0,clear-day,69.6,5,7,16,6.09,2.12
2019-10-16 08:00:00,25.0,17.02,127.0,2.75,5.68,1014.4,1.0,275.2,0.0,clear-day,60.1,5,8,16,7.98,2.07
2019-10-16 09:00:00,27.0,16.73,118.0,2.77,5.38,1014.68,3.0,275.1,0.0,clear-day,48.7,5,9,16,10.27,1.94
2019-10-16 10:00:00,30.0,16.24,131.0,2.46,3.93,1014.52,5.0,275.0,0.0,clear-day,31.2,5,10,16,13.760000000000002,1.6
2019-10-16 11:00:00,33.0,15.67,145.0,2.21,2.63,1014.19,7.0,275.6,0.0,clear-day,13.4,5,11,16,17.33,1.19
2019-10-16 12:00:00,35.0,14.85,125.0,2.12,2.15,1013.71,7.5,276.0,0.0,clear-day,0.0,5,12,16,20.15,1.01
2019-10-16 13:00:00,36.0,13.57,70.0,2.06,2.06,1012.65,7.0,275.3,0.0,clear-day,0.0,5,13,16,22.43,1.0
2019-10-16 14:00:00,36.0,12.27,16.0,2.02,2.02,1011.51,6.0,274.6,0.0,clear-day,0.0,5,14,16,23.73,1.0
2019-10-16 15:00:00,35.0,11.44,351.0,2.06,2.06,1010.81,4.0,274.5,0.0,clear-day,0.0,5,15,16,23.560000000000002,1.0
2019-10-16 16:00:00,36.0,11.25,0.0,2.19,2.2,1010.51,2.0,274.7,0.0,clear-day,0.0,5,16,16,24.75,1.0
2019-10-16 17:00:00,35.0,11.09,18.0,2.3,2.33,1010.11,0.0,275.0,0.0,clear-day,0.0,5,17,16,23.91,1.01
2019-10-16 18:00:00,34.0,13.27,27.0,2.41,3.09,1010.56,0.0,274.0,0.0,clear-night,0.0,4,18,16,20.73,1.28
2019-10-16 19:00:00,31.0,15.34,33.0,2.52,4.55,1011.81,0.0,272.8,0.0,clear-night,21.7,4,19,16,15.66,1.81
2019-10-16 20:00:00,30.0,14.9,46.0,2.58,5.83,1012.28,0.0,272.8,0.0,clear-night,24.5,4,20,16,15.1,2.26
2019-10-16 21:00:00,28.0,15.04,62.0,2.63,6.59,1012.43,0.0,272.8,0.0,clear-night,35.2,4,21,16,12.96,2.51
2019-10-16 22:00:00,27.0,15.38,81.0,2.64,6.8,1012.63,0.0,272.9,0.0,clear-night,41.9,4,22,16,11.62,2.58
2019-10-16 23:00:00,27.0,15.58,99.0,2.66,6.92,1012.98,0.0,273.3,0.0,clear-night,42.9,4,23,16,11.42,2.6
2019-10-17 00:00:00,26.0,15.64,108.0,2.65,6.65,1013.18,0.0,273.3,0.0,clear-night,48.2,4,0,17,10.36,2.51
2019-10-17 01:00:00,25.0,15.66,108.0,2.59,5.72,1012.95,0.0,272.6,0.0,clear-night,53.3,4,1,17,9.34,2.21
2019-10-17 02:00:00,25.0,15.6,105.0,2.54,4.75,1012.77,0.0,271.9,0.0,clear-night,53.0,4,2,17,9.4,1.87
2019-10-17 03:00:00,24.0,15.48,105.0,2.53,4.24,1012.6,0.0,271.6,0.0,clear-night,57.4,4,3,17,8.52,1.68
2019-10-17 04:00:00,23.0,15.21,105.0,2.59,4.16,1012.22,0.0,271.9,0.0,clear-night,61.0,4,4,17,7.789999999999999,1.61
2019-10-17 05:00:00,23.0,15.9,107.0,2.62,4.18,1012.08,0.0,271.9,0.0,clear-night,64.5,4,5,17,7.1,1.6
2019-10-17 06:00:00,24.0,16.93,118.0,3.06,4.37,1012.78,0.0,271.9,0.0,clear-night,64.6,4,6,17,7.07,1.43
2019-10-17 07:00:00,25.0,17.13,128.0,3.56,4.81,1013.57,0.0,272.1,0.0,clear-day,60.6,5,7,17,7.870000000000001,1.35
2019-10-17 08:00:00,26.0,17.08,134.0,3.65,5.16,1014.03,1.0,272.2,0.0,clear-day,55.4,5,8,17,8.920000000000002,1.41
2019-10-17 09:00:00,28.0,16.67,148.0,3.73,5.0,1014.12,3.0,272.3,0.0,clear-day,43.4,5,9,17,11.329999999999998,1.34
2019-10-17 10:00:00,31.0,16.03,170.0,3.85,4.35,1014.07,5.0,272.2,0.0,clear-day,25.2,5,10,17,14.969999999999999,1.13
2019-10-17 11:00:00,33.0,15.25,177.0,3.89,3.89,1014.0,7.0,272.9,0.0,clear-day,11.2,5,11,17,17.75,1.0
2019-10-17 12:00:00,35.0,14.03,151.0,3.35,3.37,1013.23,7.5,273.5,0.0,clear-day,0.0,5,12,17,20.97,1.01
2019-10-17 13:00:00,36.0,12.18,109.0,2.1,2.46,1011.81,7.0,273.1,0.0,clear-day,0.0,5,13,17,23.82,1.17
2019-10-17 14:00:00,36.0,10.63,288.0,0.94,1.79,1010.7,6.0,272.7,0.0,clear-day,0.0,5,14,17,25.369999999999997,1.9
2019-10-17 15:00:00,35.0,10.36,242.0,0.65,1.47,1010.18,3.0,273.0,0.0,clear-day,0.0,5,15,17,24.64,2.26
2019-10-17 16:00:00,34.0,11.35,68.0,1.19,1.6,1010.23,1.0,273.9,0.0,clear-day,0.0,5,16,17,22.65,1.34
2019-10-17 17:00:00,32.0,12.46,106.0,1.94,2.2,1010.66,0.0,274.9,0.0,partly-cloudy-day,2.3,3,17,17,19.54,1.13
2019-10-17 18:00:00,31.0,12.99,106.0,2.2,2.62,1010.98,0.0,275.2,0.0,partly-cloudy-night,10.0,2,18,17,18.009999999999998,1.19
2019-10-17 19:00:00,30.0,13.26,100.0,2.27,3.06,1011.54,0.0,275.2,0.0,partly-cloudy-night,16.3,2,19,17,16.740000000000002,1.35
2019-10-17 20:00:00,28.0,13.66,118.0,2.54,3.87,1011.98,0.0,275.6,0.0,partly-cloudy-night,28.3,2,20,17,14.34,1.52
2019-10-17 21:00:00,27.0,14.07,128.0,2.61,4.7,1012.25,0.0,275.9,0.0,partly-cloudy-night,35.3,2,21,17,12.93,1.8
2019-10-17 22:00:00,26.0,14.58,132.0,2.49,5.6,1012.12,0.0,275.9,0.0,clear-night,42.9,4,22,17,11.42,2.25
2019-10-17 23:00:00,25.0,14.97,131.0,2.37,6.38,1011.85,0.0,276.3,0.0,clear-night,49.8,4,23,17,10.03,2.69
2019-10-18 00:00:00,25.0,14.81,115.0,2.38,7.06,1011.79,0.0,276.6,0.0,clear-night,49.1,4,0,18,10.19,2.97
2019-10-18 01:00:00,24.0,14.9,109.0,2.74,7.172499999999999,1011.76,0.0,276.3,0.0,clear-night,54.5,4,1,18,9.1,2.62
2019-10-18 02:00:00,24.0,15.25,113.0,3.19,7.172499999999999,1011.56,0.0,275.9,0.0,clear-night,56.2,4,2,18,8.75,2.25
2019-10-18 03:00:00,23.0,15.2,113.0,3.33,7.172499999999999,1011.37,0.0,275.7,0.0,clear-night,61.0,4,3,18,7.800000000000001,2.15
2019-10-18 04:00:00,22.0,15.12,120.0,3.26,7.172499999999999,1010.93,0.0,275.7,0.0,clear-night,65.6,4,4,18,6.880000000000001,2.2
2019-10-18 05:00:00,22.0,15.52,125.0,3.13,7.172499999999999,1010.89,0.0,275.3,0.0,clear-night,67.6,4,5,18,6.48,2.29
2019-10-18 06:00:00,23.0,16.25,112.0,3.3,6.48,1012.22,0.0,275.3,0.0,clear-night,66.2,4,6,18,6.75,1.96
2019-10-18 07:00:00,23.0,16.69,77.0,3.73,6.63,1013.67,0.0,276.1,0.0,clear-day,68.4,5,7,18,6.309999999999999,1.78
2019-10-18 08:00:00,24.0,16.79,29.0,4.05,6.68,1014.4,1.0,277.0,0.0,clear-day,64.0,5,8,18,7.210000000000001,1.65
2019-10-18 09:00:00,25.0,16.72,9.0,4.09,6.23,1014.88,2.0,277.4,0.0,clear-day,58.6,5,9,18,8.280000000000001,1.52
2019-10-18 10:00:00,27.0,16.55,47.0,3.87,5.28,1015.13,5.0,277.4,0.0,clear-day,47.8,5,10,18,10.45,1.36
2019-10-18 11:00:00,29.0,16.29,92.0,3.63,4.25,1014.99,6.0,277.3,0.0,clear-day,36.4,5,11,18,12.71,1.17
2019-10-18 12:00:00,30.0,15.92,118.0,3.64,3.73,1014.4,7.0,276.8,0.0,clear-day,29.6,5,12,18,14.08,1.02
2019-10-18 13:00:00,32.0,15.32,131.0,3.87,3.87,1013.24,7.0,276.1,0.0,clear-day,16.6,5,13,18,16.68,1.0
2019-10-18 14:00:00,33.0,14.56,139.0,4.06,4.06,1012.01,5.0,275.3,0.0,clear-day,7.8,5,14,18,18.439999999999998,1.0
2019-10-18 15:00:00,33.0,13.82,137.0,3.99,3.99,1011.09,3.0,274.9,0.0,clear-day,4.1,5,15,18,19.18,1.0
2019-10-18 16:00:00,34.0,13.53,126.0,3.71,3.73,1010.49,1.0,274.7,0.0,partly-cloudy-day,0.0,3,16,18,20.47,1.01
2019-10-18 17:00:00,32.0,13.53,118.0,3.35,3.45,1010.2,0.0,274.6,0.0,partly-cloudy-day,7.7,3,17,18,18.47,1.03
2019-10-18 18:00:00,31.0,13.66,112.0,2.99,3.12,1010.33,0.0,274.7,0.0,partly-cloudy-night,13.3,2,18,18,17.34,1.04
2019-10-18 19:00:00,29.0,13.84,107.0,2.59,2.93,1010.75,0.0,275.1,0.0,partly-cloudy-night,24.2,2,19,18,15.16,1.13
2019-10-18 20:00:00,27.0,14.57,92.0,2.27,3.17,1012.32,0.0,275.2,0.0,partly-cloudy-night,37.8,2,20,18,12.43,1.4
2019-10-18 21:00:00,27.0,15.22,78.0,2.03,2.99,1013.11,0.0,275.4,0.0,partly-cloudy-night,41.1,2,21,18,11.78,1.47
2019-10-18 22:00:00,26.0,16.46,74.0,2.93,6.4,1013.11,0.0,275.3,0.0,partly-cloudy-night,52.3,2,22,18,9.54,2.18
2019-10-18 23:00:00,25.0,17.8,65.0,4.18,7.172499999999999,1013.63,0.0,275.0,0.0,partly-cloudy-night,64.0,2,23,18,7.199999999999999,1.72
2019-10-19 00:00:00,24.0,18.13,60.0,4.07,7.172499999999999,1013.67,0.0,275.0,0.0,partly-cloudy-night,70.6,2,0,19,5.870000000000001,1.76
2019-10-19 01:00:00,24.0,18.25,62.0,3.22,7.172499999999999,1013.85,0.0,275.0,0.0,clear-night,71.2,4,1,19,5.75,2.23
2019-10-19 02:00:00,23.0,18.16,63.0,2.43,6.0,1013.83,0.0,275.2,0.0,clear-night,75.8,4,2,19,4.84,2.47
2019-10-19 03:00:00,22.0,17.81,61.0,2.14,4.88,1013.76,0.0,275.4,0.0,clear-night,79.0,4,3,19,4.190000000000001,2.28
2019-10-19 04:00:00,21.0,17.25,59.0,2.23,4.33,1013.94,0.0,275.5,0.0,clear-night,81.2,4,4,19,3.75,1.94
2019-10-19 05:00:00,21.0,17.09,58.0,2.44,4.07,1014.3,0.0,275.8,0.0,clear-night,80.4,4,5,19,3.91,1.67
2019-10-19 06:00:00,22.0,17.14,57.0,2.74,4.38,1014.76,0.0,276.5,0.0,clear-night,75.7,4,6,19,4.859999999999999,1.6
2019-10-19 07:00:00,22.0,17.07,57.0,3.14,5.33,1015.43,0.0,277.7,0.0,clear-day,75.4,5,7,19,4.93,1.7
2019-10-19 08:00:00,23.0,16.96,58.0,3.44,6.1,1016.05,1.0,278.8,0.0,clear-day,69.8,5,8,19,6.039999999999999,1.77
2019-10-19 09:00:00,25.0,16.66,69.0,3.65,5.6,1016.3349999999998,2.0,279.0,0.0,clear-day,58.3,5,9,19,8.34,1.53
2019-10-19 10:00:00,28.0,16.21,85.0,3.38,3.85,1016.3349999999998,5.0,278.6,0.0,clear-day,41.1,5,10,19,11.79,1.14
2019-10-19 11:00:00,30.0,15.83,94.0,3.07,3.1,1016.3349999999998,6.0,277.7,0.0,clear-day,29.2,5,11,19,14.17,1.01
2019-10-19 12:00:00,32.0,15.21,87.0,2.85,3.04,1015.9,7.0,277.1,0.0,clear-day,16.1,5,12,19,16.79,1.07
2019-10-19 13:00:00,33.0,14.01,66.0,2.21,2.39,1014.87,7.0,276.9,0.0,clear-day,5.0,5,13,19,18.990000000000002,1.08
2019-10-19 14:00:00,33.0,12.62,39.0,1.74,1.97,1013.66,5.0,276.8,0.0,clear-day,0.0,5,14,19,20.380000000000003,1.13
2019-10-19 15:00:00,34.0,11.0,22.0,1.69,1.87,1012.88,3.0,276.8,0.0,clear-day,0.0,5,15,19,23.0,1.11
2019-10-19 16:00:00,34.0,9.71,12.0,2.05,2.13,1012.37,1.0,277.1,0.0,clear-day,0.0,5,16,19,24.29,1.04
2019-10-19 17:00:00,33.0,9.19,22.0,2.69,2.69,1012.36,0.0,276.6,0.0,clear-day,0.0,5,17,19,23.810000000000002,1.0
2019-10-19 18:00:00,31.0,12.07,30.0,2.84,3.59,1013.19,0.0,276.3,0.0,clear-night,5.3,4,18,19,18.93,1.26
2019-10-19 19:00:00,29.0,15.17,25.0,2.91,5.34,1013.96,0.0,277.5,0.0,partly-cloudy-night,30.8,2,19,19,13.83,1.84
2019-10-19 20:00:00,27.0,15.23,22.0,3.34,6.88,1014.26,0.0,278.6,0.0,partly-cloudy-night,41.2,2,20,19,11.77,2.06
2019-10-19 21:00:00,26.0,15.61,19.0,3.27,6.43,1014.64,0.0,279.0,0.0,partly-cloudy-night,48.0,2,21,19,10.39,1.97
2019-10-19 22:00:00,25.0,16.1,15.0,2.63,3.89,1015.06,0.0,278.7,0.0,partly-cloudy-night,55.5,2,22,19,8.899999999999999,1.48
2019-10-19 23:00:00,25.0,16.19,6.0,2.16,2.28,1015.58,0.0,278.6,0.0,partly-cloudy-night,56.0,2,23,19,8.809999999999999,1.06
2019-10-20 00:00:00,25.0,15.9,359.0,2.08,2.21,1015.16,0.0,278.6,0.0,partly-cloudy-night,54.5,2,0,20,9.1,1.06
2019-10-20 01:00:00,24.0,15.69,4.0,2.09,2.46,1014.79,0.0,278.4,0.0,partly-cloudy-night,58.4,2,1,20,8.31,1.18
2019-10-20 02:00:00,23.0,15.32,17.0,2.17,3.03,1014.54,0.0,278.2,0.0,partly-cloudy-night,61.6,2,2,20,7.68,1.4
2019-10-20 03:00:00,22.0,14.93,45.0,2.03,3.17,1014.54,0.0,278.0,0.0,partly-cloudy-night,64.6,2,3,20,7.07,1.56
2019-10-20 04:00:00,21.0,14.7,100.0,1.67,2.89,1014.31,0.0,278.0,0.0,partly-cloudy-night,68.5,2,4,20,6.300000000000001,1.73
2019-10-20 05:00:00,20.0,14.59,100.0,1.34,2.56,1014.09,0.0,278.2,0.0,partly-cloudy-night,73.0,2,5,20,5.41,1.91
2019-10-20 06:00:00,21.0,15.1,5.0,1.0,2.07,1015.06,0.0,278.0,0.0,partly-cloudy-night,70.5,2,6,20,5.9,2.07
2019-10-20 07:00:00,22.0,15.61,358.0,0.89,1.92,1016.17,0.0,278.2,0.0,clear-day,68.0,5,7,20,6.390000000000001,2.16
2019-10-20 08:00:00,22.0,15.48,335.0,1.1,2.25,1016.3349999999998,1.0,279.0,0.0,clear-day,67.4,5,8,20,6.52,2.05
2019-10-20 09:00:00,24.0,15.24,326.0,1.25,2.41,1016.3349999999998,2.0,279.3,0.0,clear-day,56.2,5,9,20,8.76,1.93
2019-10-20 10:00:00,27.0,14.79,333.0,1.39,2.48,1016.3349999999998,4.0,279.6,0.0,clear-day,38.9,5,10,20,12.21,1.78
2019-10-20 11:00:00,30.0,14.05,341.0,1.53,2.39,1016.3349999999998,6.0,277.7,0.0,clear-day,20.2,5,11,20,15.95,1.56
2019-10-20 12:00:00,32.0,12.7,341.0,1.86,2.53,1015.95,7.0,275.5,0.0,clear-day,3.5,5,12,20,19.3,1.36
2019-10-20 13:00:00,33.0,10.22,333.0,2.47,3.16,1014.52,7.0,275.5,0.0,clear-day,0.0,5,13,20,22.78,1.28
2019-10-20 14:00:00,33.0,8.077499999999999,325.0,3.08,3.77,1013.05,5.0,275.6,0.0,clear-day,0.0,5,14,20,24.9225,1.22
2019-10-20 15:00:00,33.0,8.077499999999999,322.0,3.42,4.05,1012.11,3.0,275.8,0.0,clear-day,0.0,5,15,20,24.9225,1.18
2019-10-20 16:00:00,33.0,8.077499999999999,323.0,3.53,4.05,1011.58,1.0,276.2,0.0,clear-day,0.0,5,16,20,24.9225,1.15
2019-10-20 17:00:00,32.0,9.77,334.0,3.53,3.73,1012.18,0.0,276.7,0.0,clear-day,0.0,5,17,20,22.23,1.06
2019-10-20 18:00:00,30.0,12.72,344.0,3.36,3.36,1013.11,0.0,277.1,0.0,clear-night,13.6,4,18,20,17.28,1.0
2019-10-20 19:00:00,29.0,13.1,341.0,2.98,2.98,1013.58,0.0,277.2,0.0,clear-night,20.5,4,19,20,15.9,1.0
2019-10-20 20:00:00,27.0,13.17,338.0,2.53,2.65,1014.07,0.0,277.3,0.0,clear-night,30.8,4,20,20,13.83,1.05
2019-10-20 21:00:00,26.0,13.15,343.0,2.33,2.69,1014.22,0.0,277.4,0.0,clear-night,35.8,4,21,20,12.85,1.15
2019-10-20 22:00:00,25.0,13.04,357.0,2.37,2.85,1014.42,0.0,277.6,0.0,clear-night,40.2,4,22,20,11.96,1.2
2019-10-20 23:00:00,24.0,12.87,12.0,2.4,3.0,1014.47,0.0,277.7,0.0,clear-night,44.3,4,23,20,11.13,1.25
2019-10-21 00:00:00,23.0,12.46,23.0,2.27,3.12,1013.95,0.0,277.4,0.0,clear-night,47.3,4,0,21,10.54,1.37
2019-10-21 01:00:00,22.0,12.06,30.0,1.96,3.14,1013.36,0.0,276.9,0.0,clear-night,50.3,4,1,21,9.94,1.6
2019-10-21 02:00:00,22.0,11.87,35.0,1.59,2.98,1012.96,0.0,276.5,0.0,clear-night,49.3,4,2,21,10.13,1.87
2019-10-21 03:00:00,21.0,11.77,34.0,1.31,2.68,1013.02,0.0,276.2,0.0,clear-night,53.8,4,3,21,9.23,2.05
2019-10-21 04:00:00,19.0,11.85,21.0,1.09,2.2,1013.32,0.0,276.3,0.0,clear-night,64.2,4,4,21,7.15,2.02
2019-10-21 05:00:00,19.0,12.01,358.0,0.95,1.75,1013.43,0.0,276.4,0.0,clear-night,65.0,4,5,21,6.99,1.84
2019-10-21 06:00:00,20.0,11.9,38.0,0.96,1.59,1014.15,0.0,276.3,0.0,clear-night,59.5,4,6,21,8.1,1.66
2019-10-21 07:00:00,21.0,11.89,96.0,1.04,1.48,1015.1,0.0,276.4,0.0,clear-day,54.4,5,7,21,9.11,1.42
2019-10-21 08:00:00,22.0,12.06,262.0,1.15,1.32,1015.45,1.0,276.5,0.0,clear-day,50.3,5,8,21,9.94,1.15
2019-10-21 09:00:00,24.0,11.94,214.0,1.31,1.37,1015.47,2.0,276.3,0.0,clear-day,39.7,5,9,21,12.06,1.05
2019-10-21 10:00:00,26.0,11.46,91.0,1.55,1.71,1015.25,4.0,275.9,0.0,clear-day,27.3,5,10,21,14.54,1.1
2019-10-21 11:00:00,29.0,10.54,5.0,1.76,2.06,1015.09,6.0,275.0,0.0,clear-day,7.7,5,11,21,18.46,1.17
2019-10-21 12:00:00,31.0,9.21,323.0,2.19,2.59,1014.51,7.0,274.3,0.0,clear-day,0.0,5,12,21,21.79,1.18
2019-10-21 13:00:00,32.0,8.077499999999999,317.0,3.01,3.56,1013.02,7.0,274.3,0.0,clear-day,0.0,5,13,21,23.9225,1.18
2019-10-21 14:00:00,32.0,8.077499999999999,319.0,3.77,4.5,1011.58,5.0,274.5,0.0,clear-day,0.0,5,14,21,23.9225,1.19
2019-10-21 15:00:00,32.0,8.077499999999999,321.0,4.08,5.2,1010.65,3.0,274.7,0.0,clear-day,0.0,5,15,21,23.9225,1.27
2019-10-21 16:00:00,32.0,8.077499999999999,323.0,3.94,5.68,1010.31,1.0,274.9,0.0,clear-day,0.0,5,16,21,23.9225,1.44
2019-10-21 17:00:00,31.0,8.077499999999999,326.0,3.61,6.08,1010.73,0.0,275.7,0.0,clear-day,0.0,5,17,21,22.9225,1.68
2019-10-21 18:00:00,30.0,8.077499999999999,325.0,3.12,5.62,1011.0,0.0,276.4,0.0,clear-night,0.0,4,18,21,21.9225,1.8